"Data Source","World Development Indicators",

"Last Updated Date","2020-07-01",

"Country Name","Country Code","Indicator Name","Indicator Code","1960","1961","1962","1963","1964","1965","1966","1967","1968","1969","1970","1971","1972","1973","1974","1975","1976","1977","1978","1979","1980","1981","1982","1983","1984","1985","1986","1987","1988","1989","1990","1991","1992","1993","1994","1995","1996","1997","1998","1999","2000","2001","2002","2003","2004","2005","2006","2007","2008","2009","2010","2011","2012","2013","2014","2015","2016","2017","2018","2019",
"Aruba","ABW","Diabetes prevalence (% of population ages 20 to 79)","SH.STA.DIAB.ZS","","","","","","","","","","","","","","","","","","","","","","","","","","","","","","","","","","","","","","","","","","","","","","","","","","","10.2","","","","","","","","","11.6",
"Afghanistan","AFG","Diabetes prevalence (% of population ages 20 to 79)","SH.STA.DIAB.ZS","","","","","","","","","","","","","","","","","","","","","","","","","","","","","","","","","","","","","","","","","","","","","","","","","","","8.6","","","","","","","","","9.2",
"Angola","AGO","Diabetes prevalence (% of population ages 20 to 79)","SH.STA.DIAB.ZS","","","","","","","","","","","","","","","","","","","","","","","","","","","","","","","","","","","","","","","","","","","","","","","","","","","3.5","","","","","","","","","4.5",
"Albania","ALB","Diabetes prevalence (% of population ages 20 to 79)","SH.STA.DIAB.ZS","","","","","","","","","","","","","","","","","","","","","","","","","","","","","","","","","","","","","","","","","","","","","","","","","","","4.5","","","","","","","","","9",
"Andorra","AND","Diabetes prevalence (% of population ages 20 to 79)","SH.STA.DIAB.ZS","","","","","","","","","","","","","","","","","","","","","","","","","","","","","","","","","","","","","","","","","","","","","","","","","","","6.6","","","","","","","","","7.7",
"Arab World","ARB","Diabetes prevalence (% of population ages 20 to 79)","SH.STA.DIAB.ZS","","","","","","","","","","","","","","","","","","","","","","","","","","","","","","","","","","","","","","","","","","","","","","","","","","","9.80454810949658","","","","","","","","","12.5360014487132",
"United Arab Emirates","ARE","Diabetes prevalence (% of population ages 20 to 79)","SH.STA.DIAB.ZS","","","","","","","","","","","","","","","","","","","","","","","","","","","","","","","","","","","","","","","","","","","","","","","","","","","18.7","","","","","","","","","16.3",
"Argentina","ARG","Diabetes prevalence (% of population ages 20 to 79)","SH.STA.DIAB.ZS","","","","","","","","","","","","","","","","","","","","","","","","","","","","","","","","","","","","","","","","","","","","","","","","","","","5.7","","","","","","","","","5.9",
"Armenia","ARM","Diabetes prevalence (% of population ages 20 to 79)","SH.STA.DIAB.ZS","","","","","","","","","","","","","","","","","","","","","","","","","","","","","","","","","","","","","","","","","","","","","","","","","","","7.8","","","","","","","","","6.1",
"American Samoa","ASM","Diabetes prevalence (% of population ages 20 to 79)","SH.STA.DIAB.ZS","","","","","","","","","","","","","","","","","","","","","","","","","","","","","","","","","","","","","","","","","","","","","","","","","","","","","","","","","","","","",
"Antigua and Barbuda","ATG","Diabetes prevalence (% of population ages 20 to 79)","SH.STA.DIAB.ZS","","","","","","","","","","","","","","","","","","","","","","","","","","","","","","","","","","","","","","","","","","","","","","","","","","","7.1","","","","","","","","","13.1",
"Australia","AUS","Diabetes prevalence (% of population ages 20 to 79)","SH.STA.DIAB.ZS","","","","","","","","","","","","","","","","","","","","","","","","","","","","","","","","","","","","","","","","","","","","","","","","","","","5.7","","","","","","","","","5.6",
"Austria","AUT","Diabetes prevalence (% of population ages 20 to 79)","SH.STA.DIAB.ZS","","","","","","","","","","","","","","","","","","","","","","","","","","","","","","","","","","","","","","","","","","","","","","","","","","","8.9","","","","","","","","","6.6",
"Azerbaijan","AZE","Diabetes prevalence (% of population ages 20 to 79)","SH.STA.DIAB.ZS","","","","","","","","","","","","","","","","","","","","","","","","","","","","","","","","","","","","","","","","","","","","","","","","","","","7.5","","","","","","","","","6.1",
"Burundi","BDI","Diabetes prevalence (% of population ages 20 to 79)","SH.STA.DIAB.ZS","","","","","","","","","","","","","","","","","","","","","","","","","","","","","","","","","","","","","","","","","","","","","","","","","","","1.8","","","","","","","","","5.1",
"Belgium","BEL","Diabetes prevalence (% of population ages 20 to 79)","SH.STA.DIAB.ZS","","","","","","","","","","","","","","","","","","","","","","","","","","","","","","","","","","","","","","","","","","","","","","","","","","","5.3","","","","","","","","","4.6",
"Benin","BEN","Diabetes prevalence (% of population ages 20 to 79)","SH.STA.DIAB.ZS","","","","","","","","","","","","","","","","","","","","","","","","","","","","","","","","","","","","","","","","","","","","","","","","","","","4.6","","","","","","","","","1",
"Burkina Faso","BFA","Diabetes prevalence (% of population ages 20 to 79)","SH.STA.DIAB.ZS","","","","","","","","","","","","","","","","","","","","","","","","","","","","","","","","","","","","","","","","","","","","","","","","","","","3.8","","","","","","","","","7.3",
"Bangladesh","BGD","Diabetes prevalence (% of population ages 20 to 79)","SH.STA.DIAB.ZS","","","","","","","","","","","","","","","","","","","","","","","","","","","","","","","","","","","","","","","","","","","","","","","","","","","6.6","","","","","","","","","9.2",
"Bulgaria","BGR","Diabetes prevalence (% of population ages 20 to 79)","SH.STA.DIAB.ZS","","","","","","","","","","","","","","","","","","","","","","","","","","","","","","","","","","","","","","","","","","","","","","","","","","","6.5","","","","","","","","","6",
"Bahrain","BHR","Diabetes prevalence (% of population ages 20 to 79)","SH.STA.DIAB.ZS","","","","","","","","","","","","","","","","","","","","","","","","","","","","","","","","","","","","","","","","","","","","","","","","","","","15.4","","","","","","","","","15.6",
"Bahamas, The","BHS","Diabetes prevalence (% of population ages 20 to 79)","SH.STA.DIAB.ZS","","","","","","","","","","","","","","","","","","","","","","","","","","","","","","","","","","","","","","","","","","","","","","","","","","","10.4","","","","","","","","","8.8",
"Bosnia and Herzegovina","BIH","Diabetes prevalence (% of population ages 20 to 79)","SH.STA.DIAB.ZS","","","","","","","","","","","","","","","","","","","","","","","","","","","","","","","","","","","","","","","","","","","","","","","","","","","7.1","","","","","","","","","9",
"Belarus","BLR","Diabetes prevalence (% of population ages 20 to 79)","SH.STA.DIAB.ZS","","","","","","","","","","","","","","","","","","","","","","","","","","","","","","","","","","","","","","","","","","","","","","","","","","","7.6","","","","","","","","","5",
"Belize","BLZ","Diabetes prevalence (% of population ages 20 to 79)","SH.STA.DIAB.ZS","","","","","","","","","","","","","","","","","","","","","","","","","","","","","","","","","","","","","","","","","","","","","","","","","","","9.8","","","","","","","","","17.1",
"Bermuda","BMU","Diabetes prevalence (% of population ages 20 to 79)","SH.STA.DIAB.ZS","","","","","","","","","","","","","","","","","","","","","","","","","","","","","","","","","","","","","","","","","","","","","","","","","","","10.2","","","","","","","","","6.7",
"Bolivia","BOL","Diabetes prevalence (% of population ages 20 to 79)","SH.STA.DIAB.ZS","","","","","","","","","","","","","","","","","","","","","","","","","","","","","","","","","","","","","","","","","","","","","","","","","","","6","","","","","","","","","6.8",
"Brazil","BRA","Diabetes prevalence (% of population ages 20 to 79)","SH.STA.DIAB.ZS","","","","","","","","","","","","","","","","","","","","","","","","","","","","","","","","","","","","","","","","","","","","","","","","","","","6.4","","","","","","","","","10.4",
"Barbados","BRB","Diabetes prevalence (% of population ages 20 to 79)","SH.STA.DIAB.ZS","","","","","","","","","","","","","","","","","","","","","","","","","","","","","","","","","","","","","","","","","","","","","","","","","","","8","","","","","","","","","13.4",
"Brunei Darussalam","BRN","Diabetes prevalence (% of population ages 20 to 79)","SH.STA.DIAB.ZS","","","","","","","","","","","","","","","","","","","","","","","","","","","","","","","","","","","","","","","","","","","","","","","","","","","12.6","","","","","","","","","13.3",
"Bhutan","BTN","Diabetes prevalence (% of population ages 20 to 79)","SH.STA.DIAB.ZS","","","","","","","","","","","","","","","","","","","","","","","","","","","","","","","","","","","","","","","","","","","","","","","","","","","3.6","","","","","","","","","10.3",
"Botswana","BWA","Diabetes prevalence (% of population ages 20 to 79)","SH.STA.DIAB.ZS","","","","","","","","","","","","","","","","","","","","","","","","","","","","","","","","","","","","","","","","","","","","","","","","","","","5.4","","","","","","","","","5.8",
"Central African Republic","CAF","Diabetes prevalence (% of population ages 20 to 79)","SH.STA.DIAB.ZS","","","","","","","","","","","","","","","","","","","","","","","","","","","","","","","","","","","","","","","","","","","","","","","","","","","4.5","","","","","","","","","6",
"Canada","CAN","Diabetes prevalence (% of population ages 20 to 79)","SH.STA.DIAB.ZS","","","","","","","","","","","","","","","","","","","","","","","","","","","","","","","","","","","","","","","","","","","","","","","","","","","9.2","","","","","","","","","7.6",
"Central Europe and the Baltics","CEB","Diabetes prevalence (% of population ages 20 to 79)","SH.STA.DIAB.ZS","","","","","","","","","","","","","","","","","","","","","","","","","","","","","","","","","","","","","","","","","","","","","","","","","","","7.06113658974773","","","","","","","","","6.29600154313648",
"Switzerland","CHE","Diabetes prevalence (% of population ages 20 to 79)","SH.STA.DIAB.ZS","","","","","","","","","","","","","","","","","","","","","","","","","","","","","","","","","","","","","","","","","","","","","","","","","","","8.9","","","","","","","","","5.7",
"Channel Islands","CHI","Diabetes prevalence (% of population ages 20 to 79)","SH.STA.DIAB.ZS","","","","","","","","","","","","","","","","","","","","","","","","","","","","","","","","","","","","","","","","","","","","","","","","","","","3","","","","","","","","","3.9",
"Chile","CHL","Diabetes prevalence (% of population ages 20 to 79)","SH.STA.DIAB.ZS","","","","","","","","","","","","","","","","","","","","","","","","","","","","","","","","","","","","","","","","","","","","","","","","","","","5.7","","","","","","","","","8.6",
"China","CHN","Diabetes prevalence (% of population ages 20 to 79)","SH.STA.DIAB.ZS","","","","","","","","","","","","","","","","","","","","","","","","","","","","","","","","","","","","","","","","","","","","","","","","","","","4.2","","","","","","","","","9.2",
"Cote d'Ivoire","CIV","Diabetes prevalence (% of population ages 20 to 79)","SH.STA.DIAB.ZS","","","","","","","","","","","","","","","","","","","","","","","","","","","","","","","","","","","","","","","","","","","","","","","","","","","4.7","","","","","","","","","2.4",
"Cameroon","CMR","Diabetes prevalence (% of population ages 20 to 79)","SH.STA.DIAB.ZS","","","","","","","","","","","","","","","","","","","","","","","","","","","","","","","","","","","","","","","","","","","","","","","","","","","3.9","","","","","","","","","6",
"Congo, Dem. Rep.","COD","Diabetes prevalence (% of population ages 20 to 79)","SH.STA.DIAB.ZS","","","","","","","","","","","","","","","","","","","","","","","","","","","","","","","","","","","","","","","","","","","","","","","","","","","3.2","","","","","","","","","6",
"Congo, Rep.","COG","Diabetes prevalence (% of population ages 20 to 79)","SH.STA.DIAB.ZS","","","","","","","","","","","","","","","","","","","","","","","","","","","","","","","","","","","","","","","","","","","","","","","","","","","5.1","","","","","","","","","6",
"Colombia","COL","Diabetes prevalence (% of population ages 20 to 79)","SH.STA.DIAB.ZS","","","","","","","","","","","","","","","","","","","","","","","","","","","","","","","","","","","","","","","","","","","","","","","","","","","5.2","","","","","","","","","7.4",
"Comoros","COM","Diabetes prevalence (% of population ages 20 to 79)","SH.STA.DIAB.ZS","","","","","","","","","","","","","","","","","","","","","","","","","","","","","","","","","","","","","","","","","","","","","","","","","","","3.4","","","","","","","","","12.3",
"Cabo Verde","CPV","Diabetes prevalence (% of population ages 20 to 79)","SH.STA.DIAB.ZS","","","","","","","","","","","","","","","","","","","","","","","","","","","","","","","","","","","","","","","","","","","","","","","","","","","5.3","","","","","","","","","2.4",
"Costa Rica","CRI","Diabetes prevalence (% of population ages 20 to 79)","SH.STA.DIAB.ZS","","","","","","","","","","","","","","","","","","","","","","","","","","","","","","","","","","","","","","","","","","","","","","","","","","","9.3","","","","","","","","","9.1",
"Caribbean small states","CSS","Diabetes prevalence (% of population ages 20 to 79)","SH.STA.DIAB.ZS","","","","","","","","","","","","","","","","","","","","","","","","","","","","","","","","","","","","","","","","","","","","","","","","","","","10.418074549589","","","","","","","","","11.629347050787",
"Cuba","CUB","Diabetes prevalence (% of population ages 20 to 79)","SH.STA.DIAB.ZS","","","","","","","","","","","","","","","","","","","","","","","","","","","","","","","","","","","","","","","","","","","","","","","","","","","9.5","","","","","","","","","9.6",
"Curacao","CUW","Diabetes prevalence (% of population ages 20 to 79)","SH.STA.DIAB.ZS","","","","","","","","","","","","","","","","","","","","","","","","","","","","","","","","","","","","","","","","","","","","","","","","","","","","","","","","","","","","11.6",
"Cayman Islands","CYM","Diabetes prevalence (% of population ages 20 to 79)","SH.STA.DIAB.ZS","","","","","","","","","","","","","","","","","","","","","","","","","","","","","","","","","","","","","","","","","","","","","","","","","","","10.2","","","","","","","","","6.8",
"Cyprus","CYP","Diabetes prevalence (% of population ages 20 to 79)","SH.STA.DIAB.ZS","","","","","","","","","","","","","","","","","","","","","","","","","","","","","","","","","","","","","","","","","","","","","","","","","","","9.1","","","","","","","","","9",
"Czech Republic","CZE","Diabetes prevalence (% of population ages 20 to 79)","SH.STA.DIAB.ZS","","","","","","","","","","","","","","","","","","","","","","","","","","","","","","","","","","","","","","","","","","","","","","","","","","","6.4","","","","","","","","","7",
"Germany","DEU","Diabetes prevalence (% of population ages 20 to 79)","SH.STA.DIAB.ZS","","","","","","","","","","","","","","","","","","","","","","","","","","","","","","","","","","","","","","","","","","","","","","","","","","","8.9","","","","","","","","","10.4",
"Djibouti","DJI","Diabetes prevalence (% of population ages 20 to 79)","SH.STA.DIAB.ZS","","","","","","","","","","","","","","","","","","","","","","","","","","","","","","","","","","","","","","","","","","","","","","","","","","","5.3","","","","","","","","","5.1",
"Dominica","DMA","Diabetes prevalence (% of population ages 20 to 79)","SH.STA.DIAB.ZS","","","","","","","","","","","","","","","","","","","","","","","","","","","","","","","","","","","","","","","","","","","","","","","","","","","11.5","","","","","","","","","11.6",
"Denmark","DNK","Diabetes prevalence (% of population ages 20 to 79)","SH.STA.DIAB.ZS","","","","","","","","","","","","","","","","","","","","","","","","","","","","","","","","","","","","","","","","","","","","","","","","","","","5.6","","","","","","","","","8.3",
"Dominican Republic","DOM","Diabetes prevalence (% of population ages 20 to 79)","SH.STA.DIAB.ZS","","","","","","","","","","","","","","","","","","","","","","","","","","","","","","","","","","","","","","","","","","","","","","","","","","","11.2","","","","","","","","","8.6",
"Algeria","DZA","Diabetes prevalence (% of population ages 20 to 79)","SH.STA.DIAB.ZS","","","","","","","","","","","","","","","","","","","","","","","","","","","","","","","","","","","","","","","","","","","","","","","","","","","8.5","","","","","","","","","6.7",
"East Asia & Pacific (excluding high income)","EAP","Diabetes prevalence (% of population ages 20 to 79)","SH.STA.DIAB.ZS","","","","","","","","","","","","","","","","","","","","","","","","","","","","","","","","","","","","","","","","","","","","","","","","","","","4.57314542264972","","","","","","","","","8.48806177360445",
"Early-demographic dividend","EAR","Diabetes prevalence (% of population ages 20 to 79)","SH.STA.DIAB.ZS","","","","","","","","","","","","","","","","","","","","","","","","","","","","","","","","","","","","","","","","","","","","","","","","","","","7.37881400145799","","","","","","","","","10.090910312009",
"East Asia & Pacific","EAS","Diabetes prevalence (% of population ages 20 to 79)","SH.STA.DIAB.ZS","","","","","","","","","","","","","","","","","","","","","","","","","","","","","","","","","","","","","","","","","","","","","","","","","","","4.7567610789765","","","","","","","","","8.2026083003578",
"Europe & Central Asia (excluding high income)","ECA","Diabetes prevalence (% of population ages 20 to 79)","SH.STA.DIAB.ZS","","","","","","","","","","","","","","","","","","","","","","","","","","","","","","","","","","","","","","","","","","","","","","","","","","","7.26291233231395","","","","","","","","","7.23141595542283",
"Europe & Central Asia","ECS","Diabetes prevalence (% of population ages 20 to 79)","SH.STA.DIAB.ZS","","","","","","","","","","","","","","","","","","","","","","","","","","","","","","","","","","","","","","","","","","","","","","","","","","","6.88191738483828","","","","","","","","","6.68696937839644",
"Ecuador","ECU","Diabetes prevalence (% of population ages 20 to 79)","SH.STA.DIAB.ZS","","","","","","","","","","","","","","","","","","","","","","","","","","","","","","","","","","","","","","","","","","","","","","","","","","","5.9","","","","","","","","","5.5",
"Egypt, Arab Rep.","EGY","Diabetes prevalence (% of population ages 20 to 79)","SH.STA.DIAB.ZS","","","","","","","","","","","","","","","","","","","","","","","","","","","","","","","","","","","","","","","","","","","","","","","","","","","11.4","","","","","","","","","17.2",
"Euro area","EMU","Diabetes prevalence (% of population ages 20 to 79)","SH.STA.DIAB.ZS","","","","","","","","","","","","","","","","","","","","","","","","","","","","","","","","","","","","","","","","","","","","","","","","","","","7.09437820457501","","","","","","","","","6.76032684719303",
"Eritrea","ERI","Diabetes prevalence (% of population ages 20 to 79)","SH.STA.DIAB.ZS","","","","","","","","","","","","","","","","","","","","","","","","","","","","","","","","","","","","","","","","","","","","","","","","","","","2.5","","","","","","","","","5.1",
"Spain","ESP","Diabetes prevalence (% of population ages 20 to 79)","SH.STA.DIAB.ZS","","","","","","","","","","","","","","","","","","","","","","","","","","","","","","","","","","","","","","","","","","","","","","","","","","","6.6","","","","","","","","","6.9",
"Estonia","EST","Diabetes prevalence (% of population ages 20 to 79)","SH.STA.DIAB.ZS","","","","","","","","","","","","","","","","","","","","","","","","","","","","","","","","","","","","","","","","","","","","","","","","","","","7.6","","","","","","","","","4.2",
"Ethiopia","ETH","Diabetes prevalence (% of population ages 20 to 79)","SH.STA.DIAB.ZS","","","","","","","","","","","","","","","","","","","","","","","","","","","","","","","","","","","","","","","","","","","","","","","","","","","2.5","","","","","","","","","4.3",
"European Union","EUU","Diabetes prevalence (% of population ages 20 to 79)","SH.STA.DIAB.ZS","","","","","","","","","","","","","","","","","","","","","","","","","","","","","","","","","","","","","","","","","","","","","","","","","","","7.02664686007693","","","","","","","","","6.67072020618206",
"Fragile and conflict affected situations","FCS","Diabetes prevalence (% of population ages 20 to 79)","SH.STA.DIAB.ZS","","","","","","","","","","","","","","","","","","","","","","","","","","","","","","","","","","","","","","","","","","","","","","","","","","","5.02002677311726","","","","","","","","","6.59895740917326",
"Finland","FIN","Diabetes prevalence (% of population ages 20 to 79)","SH.STA.DIAB.ZS","","","","","","","","","","","","","","","","","","","","","","","","","","","","","","","","","","","","","","","","","","","","","","","","","","","5.7","","","","","","","","","5.6",
"Fiji","FJI","Diabetes prevalence (% of population ages 20 to 79)","SH.STA.DIAB.ZS","","","","","","","","","","","","","","","","","","","","","","","","","","","","","","","","","","","","","","","","","","","","","","","","","","","9.4","","","","","","","","","14.7",
"France","FRA","Diabetes prevalence (% of population ages 20 to 79)","SH.STA.DIAB.ZS","","","","","","","","","","","","","","","","","","","","","","","","","","","","","","","","","","","","","","","","","","","","","","","","","","","6.7","","","","","","","","","4.8",
"Faroe Islands","FRO","Diabetes prevalence (% of population ages 20 to 79)","SH.STA.DIAB.ZS","","","","","","","","","","","","","","","","","","","","","","","","","","","","","","","","","","","","","","","","","","","","","","","","","","","","","","","","","","","","4.7",
"Micronesia, Fed. Sts.","FSM","Diabetes prevalence (% of population ages 20 to 79)","SH.STA.DIAB.ZS","","","","","","","","","","","","","","","","","","","","","","","","","","","","","","","","","","","","","","","","","","","","","","","","","","","6.2","","","","","","","","","11.9",
"Gabon","GAB","Diabetes prevalence (% of population ages 20 to 79)","SH.STA.DIAB.ZS","","","","","","","","","","","","","","","","","","","","","","","","","","","","","","","","","","","","","","","","","","","","","","","","","","","5","","","","","","","","","6",
"United Kingdom","GBR","Diabetes prevalence (% of population ages 20 to 79)","SH.STA.DIAB.ZS","","","","","","","","","","","","","","","","","","","","","","","","","","","","","","","","","","","","","","","","","","","","","","","","","","","3.6","","","","","","","","","3.9",
"Georgia","GEO","Diabetes prevalence (% of population ages 20 to 79)","SH.STA.DIAB.ZS","","","","","","","","","","","","","","","","","","","","","","","","","","","","","","","","","","","","","","","","","","","","","","","","","","","7.5","","","","","","","","","5.8",
"Ghana","GHA","Diabetes prevalence (% of population ages 20 to 79)","SH.STA.DIAB.ZS","","","","","","","","","","","","","","","","","","","","","","","","","","","","","","","","","","","","","","","","","","","","","","","","","","","4.3","","","","","","","","","2.5",
"Gibraltar","GIB","Diabetes prevalence (% of population ages 20 to 79)","SH.STA.DIAB.ZS","","","","","","","","","","","","","","","","","","","","","","","","","","","","","","","","","","","","","","","","","","","","","","","","","","","","","","","","","","","","",
"Guinea","GIN","Diabetes prevalence (% of population ages 20 to 79)","SH.STA.DIAB.ZS","","","","","","","","","","","","","","","","","","","","","","","","","","","","","","","","","","","","","","","","","","","","","","","","","","","4.3","","","","","","","","","2.4",
"Gambia, The","GMB","Diabetes prevalence (% of population ages 20 to 79)","SH.STA.DIAB.ZS","","","","","","","","","","","","","","","","","","","","","","","","","","","","","","","","","","","","","","","","","","","","","","","","","","","4.3","","","","","","","","","1.9",
"Guinea-Bissau","GNB","Diabetes prevalence (% of population ages 20 to 79)","SH.STA.DIAB.ZS","","","","","","","","","","","","","","","","","","","","","","","","","","","","","","","","","","","","","","","","","","","","","","","","","","","3.9","","","","","","","","","2.4",
"Equatorial Guinea","GNQ","Diabetes prevalence (% of population ages 20 to 79)","SH.STA.DIAB.ZS","","","","","","","","","","","","","","","","","","","","","","","","","","","","","","","","","","","","","","","","","","","","","","","","","","","4.8","","","","","","","","","6",
"Greece","GRC","Diabetes prevalence (% of population ages 20 to 79)","SH.STA.DIAB.ZS","","","","","","","","","","","","","","","","","","","","","","","","","","","","","","","","","","","","","","","","","","","","","","","","","","","6","","","","","","","","","4.7",
"Grenada","GRD","Diabetes prevalence (% of population ages 20 to 79)","SH.STA.DIAB.ZS","","","","","","","","","","","","","","","","","","","","","","","","","","","","","","","","","","","","","","","","","","","","","","","","","","","9.5","","","","","","","","","10.7",
"Greenland","GRL","Diabetes prevalence (% of population ages 20 to 79)","SH.STA.DIAB.ZS","","","","","","","","","","","","","","","","","","","","","","","","","","","","","","","","","","","","","","","","","","","","","","","","","","","","","","","","","","","","2.1",
"Guatemala","GTM","Diabetes prevalence (% of population ages 20 to 79)","SH.STA.DIAB.ZS","","","","","","","","","","","","","","","","","","","","","","","","","","","","","","","","","","","","","","","","","","","","","","","","","","","8.6","","","","","","","","","10",
"Guam","GUM","Diabetes prevalence (% of population ages 20 to 79)","SH.STA.DIAB.ZS","","","","","","","","","","","","","","","","","","","","","","","","","","","","","","","","","","","","","","","","","","","","","","","","","","","6.7","","","","","","","","","18.7",
"Guyana","GUY","Diabetes prevalence (% of population ages 20 to 79)","SH.STA.DIAB.ZS","","","","","","","","","","","","","","","","","","","","","","","","","","","","","","","","","","","","","","","","","","","","","","","","","","","9.5","","","","","","","","","11.6",
"High income","HIC","Diabetes prevalence (% of population ages 20 to 79)","SH.STA.DIAB.ZS","","","","","","","","","","","","","","","","","","","","","","","","","","","","","","","","","","","","","","","","","","","","","","","","","","","7.89696649680689","","","","","","","","","7.93178807822403",
"Hong Kong SAR, China","HKG","Diabetes prevalence (% of population ages 20 to 79)","SH.STA.DIAB.ZS","","","","","","","","","","","","","","","","","","","","","","","","","","","","","","","","","","","","","","","","","","","","","","","","","","","8.5","","","","","","","","","4.5",
"Honduras","HND","Diabetes prevalence (% of population ages 20 to 79)","SH.STA.DIAB.ZS","","","","","","","","","","","","","","","","","","","","","","","","","","","","","","","","","","","","","","","","","","","","","","","","","","","9.1","","","","","","","","","7.3",
"Heavily indebted poor countries (HIPC)","HPC","Diabetes prevalence (% of population ages 20 to 79)","SH.STA.DIAB.ZS","","","","","","","","","","","","","","","","","","","","","","","","","","","","","","","","","","","","","","","","","","","","","","","","","","","3.94728660282098","","","","","","","","","5.72931897403342",
"Croatia","HRV","Diabetes prevalence (% of population ages 20 to 79)","SH.STA.DIAB.ZS","","","","","","","","","","","","","","","","","","","","","","","","","","","","","","","","","","","","","","","","","","","","","","","","","","","6.9","","","","","","","","","5.4",
"Haiti","HTI","Diabetes prevalence (% of population ages 20 to 79)","SH.STA.DIAB.ZS","","","","","","","","","","","","","","","","","","","","","","","","","","","","","","","","","","","","","","","","","","","","","","","","","","","7.2","","","","","","","","","6.7",
"Hungary","HUN","Diabetes prevalence (% of population ages 20 to 79)","SH.STA.DIAB.ZS","","","","","","","","","","","","","","","","","","","","","","","","","","","","","","","","","","","","","","","","","","","","","","","","","","","6.4","","","","","","","","","6.9",
"IBRD only","IBD","Diabetes prevalence (% of population ages 20 to 79)","SH.STA.DIAB.ZS","","","","","","","","","","","","","","","","","","","","","","","","","","","","","","","","","","","","","","","","","","","","","","","","","","","6.3429121344822","","","","","","","","","9.30197681159544",
"IDA & IBRD total","IBT","Diabetes prevalence (% of population ages 20 to 79)","SH.STA.DIAB.ZS","","","","","","","","","","","","","","","","","","","","","","","","","","","","","","","","","","","","","","","","","","","","","","","","","","","6.11763553159614","","","","","","","","","8.98685963055061",
"IDA total","IDA","Diabetes prevalence (% of population ages 20 to 79)","SH.STA.DIAB.ZS","","","","","","","","","","","","","","","","","","","","","","","","","","","","","","","","","","","","","","","","","","","","","","","","","","","5.18760445627757","","","","","","","","","7.85121782462659",
"IDA blend","IDB","Diabetes prevalence (% of population ages 20 to 79)","SH.STA.DIAB.ZS","","","","","","","","","","","","","","","","","","","","","","","","","","","","","","","","","","","","","","","","","","","","","","","","","","","6.37789448693178","","","","","","","","","10.6047411301316",
"Indonesia","IDN","Diabetes prevalence (% of population ages 20 to 79)","SH.STA.DIAB.ZS","","","","","","","","","","","","","","","","","","","","","","","","","","","","","","","","","","","","","","","","","","","","","","","","","","","4.8","","","","","","","","","6.3",
"IDA only","IDX","Diabetes prevalence (% of population ages 20 to 79)","SH.STA.DIAB.ZS","","","","","","","","","","","","","","","","","","","","","","","","","","","","","","","","","","","","","","","","","","","","","","","","","","","4.57604225974335","","","","","","","","","6.45772214890162",
"Isle of Man","IMN","Diabetes prevalence (% of population ages 20 to 79)","SH.STA.DIAB.ZS","","","","","","","","","","","","","","","","","","","","","","","","","","","","","","","","","","","","","","","","","","","","","","","","","","","","","","","","","","","","",
"India","IND","Diabetes prevalence (% of population ages 20 to 79)","SH.STA.DIAB.ZS","","","","","","","","","","","","","","","","","","","","","","","","","","","","","","","","","","","","","","","","","","","","","","","","","","","7.8","","","","","","","","","10.4",
"Not classified","INX","Diabetes prevalence (% of population ages 20 to 79)","SH.STA.DIAB.ZS","","","","","","","","","","","","","","","","","","","","","","","","","","","","","","","","","","","","","","","","","","","","","","","","","","","","","","","","","","","","",
"Ireland","IRL","Diabetes prevalence (% of population ages 20 to 79)","SH.STA.DIAB.ZS","","","","","","","","","","","","","","","","","","","","","","","","","","","","","","","","","","","","","","","","","","","","","","","","","","","5.2","","","","","","","","","3.2",
"Iran, Islamic Rep.","IRN","Diabetes prevalence (% of population ages 20 to 79)","SH.STA.DIAB.ZS","","","","","","","","","","","","","","","","","","","","","","","","","","","","","","","","","","","","","","","","","","","","","","","","","","","8","","","","","","","","","9.6",
"Iraq","IRQ","Diabetes prevalence (% of population ages 20 to 79)","SH.STA.DIAB.ZS","","","","","","","","","","","","","","","","","","","","","","","","","","","","","","","","","","","","","","","","","","","","","","","","","","","10.2","","","","","","","","","8.8",
"Iceland","ISL","Diabetes prevalence (% of population ages 20 to 79)","SH.STA.DIAB.ZS","","","","","","","","","","","","","","","","","","","","","","","","","","","","","","","","","","","","","","","","","","","","","","","","","","","1.6","","","","","","","","","5.8",
"Israel","ISR","Diabetes prevalence (% of population ages 20 to 79)","SH.STA.DIAB.ZS","","","","","","","","","","","","","","","","","","","","","","","","","","","","","","","","","","","","","","","","","","","","","","","","","","","6.5","","","","","","","","","9.7",
"Italy","ITA","Diabetes prevalence (% of population ages 20 to 79)","SH.STA.DIAB.ZS","","","","","","","","","","","","","","","","","","","","","","","","","","","","","","","","","","","","","","","","","","","","","","","","","","","5.9","","","","","","","","","5",
"Jamaica","JAM","Diabetes prevalence (% of population ages 20 to 79)","SH.STA.DIAB.ZS","","","","","","","","","","","","","","","","","","","","","","","","","","","","","","","","","","","","","","","","","","","","","","","","","","","10.6","","","","","","","","","11.3",
"Jordan","JOR","Diabetes prevalence (% of population ages 20 to 79)","SH.STA.DIAB.ZS","","","","","","","","","","","","","","","","","","","","","","","","","","","","","","","","","","","","","","","","","","","","","","","","","","","10.1","","","","","","","","","12.7",
"Japan","JPN","Diabetes prevalence (% of population ages 20 to 79)","SH.STA.DIAB.ZS","","","","","","","","","","","","","","","","","","","","","","","","","","","","","","","","","","","","","","","","","","","","","","","","","","","5","","","","","","","","","5.6",
"Kazakhstan","KAZ","Diabetes prevalence (% of population ages 20 to 79)","SH.STA.DIAB.ZS","","","","","","","","","","","","","","","","","","","","","","","","","","","","","","","","","","","","","","","","","","","","","","","","","","","5.8","","","","","","","","","6.1",
"Kenya","KEN","Diabetes prevalence (% of population ages 20 to 79)","SH.STA.DIAB.ZS","","","","","","","","","","","","","","","","","","","","","","","","","","","","","","","","","","","","","","","","","","","","","","","","","","","3.5","","","","","","","","","3.1",
"Kyrgyz Republic","KGZ","Diabetes prevalence (% of population ages 20 to 79)","SH.STA.DIAB.ZS","","","","","","","","","","","","","","","","","","","","","","","","","","","","","","","","","","","","","","","","","","","","","","","","","","","5.2","","","","","","","","","6.1",
"Cambodia","KHM","Diabetes prevalence (% of population ages 20 to 79)","SH.STA.DIAB.ZS","","","","","","","","","","","","","","","","","","","","","","","","","","","","","","","","","","","","","","","","","","","","","","","","","","","5.2","","","","","","","","","6.4",
"Kiribati","KIR","Diabetes prevalence (% of population ages 20 to 79)","SH.STA.DIAB.ZS","","","","","","","","","","","","","","","","","","","","","","","","","","","","","","","","","","","","","","","","","","","","","","","","","","","6.6","","","","","","","","","22.5",
"St. Kitts and Nevis","KNA","Diabetes prevalence (% of population ages 20 to 79)","SH.STA.DIAB.ZS","","","","","","","","","","","","","","","","","","","","","","","","","","","","","","","","","","","","","","","","","","","","","","","","","","","9","","","","","","","","","13.3",
"Korea, Rep.","KOR","Diabetes prevalence (% of population ages 20 to 79)","SH.STA.DIAB.ZS","","","","","","","","","","","","","","","","","","","","","","","","","","","","","","","","","","","","","","","","","","","","","","","","","","","7.9","","","","","","","","","6.9",
"Kuwait","KWT","Diabetes prevalence (% of population ages 20 to 79)","SH.STA.DIAB.ZS","","","","","","","","","","","","","","","","","","","","","","","","","","","","","","","","","","","","","","","","","","","","","","","","","","","14.6","","","","","","","","","12.2",
"Latin America & Caribbean (excluding high income)","LAC","Diabetes prevalence (% of population ages 20 to 79)","SH.STA.DIAB.ZS","","","","","","","","","","","","","","","","","","","","","","","","","","","","","","","","","","","","","","","","","","","","","","","","","","","7.45280325574889","","","","","","","","","9.72837138642297",
"Lao PDR","LAO","Diabetes prevalence (% of population ages 20 to 79)","SH.STA.DIAB.ZS","","","","","","","","","","","","","","","","","","","","","","","","","","","","","","","","","","","","","","","","","","","","","","","","","","","5.6","","","","","","","","","6.4",
"Lebanon","LBN","Diabetes prevalence (% of population ages 20 to 79)","SH.STA.DIAB.ZS","","","","","","","","","","","","","","","","","","","","","","","","","","","","","","","","","","","","","","","","","","","","","","","","","","","7.8","","","","","","","","","11.2",
"Liberia","LBR","Diabetes prevalence (% of population ages 20 to 79)","SH.STA.DIAB.ZS","","","","","","","","","","","","","","","","","","","","","","","","","","","","","","","","","","","","","","","","","","","","","","","","","","","4.7","","","","","","","","","2.4",
"Libya","LBY","Diabetes prevalence (% of population ages 20 to 79)","SH.STA.DIAB.ZS","","","","","","","","","","","","","","","","","","","","","","","","","","","","","","","","","","","","","","","","","","","","","","","","","","","9","","","","","","","","","10.2",
"St. Lucia","LCA","Diabetes prevalence (% of population ages 20 to 79)","SH.STA.DIAB.ZS","","","","","","","","","","","","","","","","","","","","","","","","","","","","","","","","","","","","","","","","","","","","","","","","","","","9.3","","","","","","","","","11.6",
"Latin America & Caribbean","LCN","Diabetes prevalence (% of population ages 20 to 79)","SH.STA.DIAB.ZS","","","","","","","","","","","","","","","","","","","","","","","","","","","","","","","","","","","","","","","","","","","","","","","","","","","7.43573615633531","","","","","","","","","9.694271356913",
"Least developed countries: UN classification","LDC","Diabetes prevalence (% of population ages 20 to 79)","SH.STA.DIAB.ZS","","","","","","","","","","","","","","","","","","","","","","","","","","","","","","","","","","","","","","","","","","","","","","","","","","","4.27071813535908","","","","","","","","","6.44205818818152",
"Low income","LIC","Diabetes prevalence (% of population ages 20 to 79)","SH.STA.DIAB.ZS","","","","","","","","","","","","","","","","","","","","","","","","","","","","","","","","","","","","","","","","","","","","","","","","","","","4.06506142158546","","","","","","","","","6.39327883263964",
"Liechtenstein","LIE","Diabetes prevalence (% of population ages 20 to 79)","SH.STA.DIAB.ZS","","","","","","","","","","","","","","","","","","","","","","","","","","","","","","","","","","","","","","","","","","","","","","","","","","","8.9","","","","","","","","","9.4",
"Sri Lanka","LKA","Diabetes prevalence (% of population ages 20 to 79)","SH.STA.DIAB.ZS","","","","","","","","","","","","","","","","","","","","","","","","","","","","","","","","","","","","","","","","","","","","","","","","","","","10.9","","","","","","","","","10.7",
"Lower middle income","LMC","Diabetes prevalence (% of population ages 20 to 79)","SH.STA.DIAB.ZS","","","","","","","","","","","","","","","","","","","","","","","","","","","","","","","","","","","","","","","","","","","","","","","","","","","7.13294056779087","","","","","","","","","9.51324622498735",
"Low & middle income","LMY","Diabetes prevalence (% of population ages 20 to 79)","SH.STA.DIAB.ZS","","","","","","","","","","","","","","","","","","","","","","","","","","","","","","","","","","","","","","","","","","","","","","","","","","","6.10250965606322","","","","","","","","","9.00652274575888",
"Lesotho","LSO","Diabetes prevalence (% of population ages 20 to 79)","SH.STA.DIAB.ZS","","","","","","","","","","","","","","","","","","","","","","","","","","","","","","","","","","","","","","","","","","","","","","","","","","","3.9","","","","","","","","","4.5",
"Late-demographic dividend","LTE","Diabetes prevalence (% of population ages 20 to 79)","SH.STA.DIAB.ZS","","","","","","","","","","","","","","","","","","","","","","","","","","","","","","","","","","","","","","","","","","","","","","","","","","","5.26148422222162","","","","","","","","","8.83093828874485",
"Lithuania","LTU","Diabetes prevalence (% of population ages 20 to 79)","SH.STA.DIAB.ZS","","","","","","","","","","","","","","","","","","","","","","","","","","","","","","","","","","","","","","","","","","","","","","","","","","","7.6","","","","","","","","","3.8",
"Luxembourg","LUX","Diabetes prevalence (% of population ages 20 to 79)","SH.STA.DIAB.ZS","","","","","","","","","","","","","","","","","","","","","","","","","","","","","","","","","","","","","","","","","","","","","","","","","","","5.3","","","","","","","","","5",
"Latvia","LVA","Diabetes prevalence (% of population ages 20 to 79)","SH.STA.DIAB.ZS","","","","","","","","","","","","","","","","","","","","","","","","","","","","","","","","","","","","","","","","","","","","","","","","","","","7.6","","","","","","","","","5",
"Macao SAR, China","MAC","Diabetes prevalence (% of population ages 20 to 79)","SH.STA.DIAB.ZS","","","","","","","","","","","","","","","","","","","","","","","","","","","","","","","","","","","","","","","","","","","","","","","","","","","8.5","","","","","","","","","4.3",
"St. Martin (French part)","MAF","Diabetes prevalence (% of population ages 20 to 79)","SH.STA.DIAB.ZS","","","","","","","","","","","","","","","","","","","","","","","","","","","","","","","","","","","","","","","","","","","","","","","","","","","","","","","","","","","","",
"Morocco","MAR","Diabetes prevalence (% of population ages 20 to 79)","SH.STA.DIAB.ZS","","","","","","","","","","","","","","","","","","","","","","","","","","","","","","","","","","","","","","","","","","","","","","","","","","","8.3","","","","","","","","","7",
"Monaco","MCO","Diabetes prevalence (% of population ages 20 to 79)","SH.STA.DIAB.ZS","","","","","","","","","","","","","","","","","","","","","","","","","","","","","","","","","","","","","","","","","","","","","","","","","","","6.7","","","","","","","","","2.9",
"Moldova","MDA","Diabetes prevalence (% of population ages 20 to 79)","SH.STA.DIAB.ZS","","","","","","","","","","","","","","","","","","","","","","","","","","","","","","","","","","","","","","","","","","","","","","","","","","","7.6","","","","","","","","","5.7",
"Madagascar","MDG","Diabetes prevalence (% of population ages 20 to 79)","SH.STA.DIAB.ZS","","","","","","","","","","","","","","","","","","","","","","","","","","","","","","","","","","","","","","","","","","","","","","","","","","","3.2","","","","","","","","","4.5",
"Maldives","MDV","Diabetes prevalence (% of population ages 20 to 79)","SH.STA.DIAB.ZS","","","","","","","","","","","","","","","","","","","","","","","","","","","","","","","","","","","","","","","","","","","","","","","","","","","7.4","","","","","","","","","9.2",
"Middle East & North Africa","MEA","Diabetes prevalence (% of population ages 20 to 79)","SH.STA.DIAB.ZS","","","","","","","","","","","","","","","","","","","","","","","","","","","","","","","","","","","","","","","","","","","","","","","","","","","9.97308752246834","","","","","","","","","11.3738981860628",
"Mexico","MEX","Diabetes prevalence (% of population ages 20 to 79)","SH.STA.DIAB.ZS","","","","","","","","","","","","","","","","","","","","","","","","","","","","","","","","","","","","","","","","","","","","","","","","","","","10.8","","","","","","","","","13.5",
"Marshall Islands","MHL","Diabetes prevalence (% of population ages 20 to 79)","SH.STA.DIAB.ZS","","","","","","","","","","","","","","","","","","","","","","","","","","","","","","","","","","","","","","","","","","","","","","","","","","","9.1","","","","","","","","","30.5",
"Middle income","MIC","Diabetes prevalence (% of population ages 20 to 79)","SH.STA.DIAB.ZS","","","","","","","","","","","","","","","","","","","","","","","","","","","","","","","","","","","","","","","","","","","","","","","","","","","6.26023576914889","","","","","","","","","9.24389845482333",
"North Macedonia","MKD","Diabetes prevalence (% of population ages 20 to 79)","SH.STA.DIAB.ZS","","","","","","","","","","","","","","","","","","","","","","","","","","","","","","","","","","","","","","","","","","","","","","","","","","","6.9","","","","","","","","","9.3",
"Mali","MLI","Diabetes prevalence (% of population ages 20 to 79)","SH.STA.DIAB.ZS","","","","","","","","","","","","","","","","","","","","","","","","","","","","","","","","","","","","","","","","","","","","","","","","","","","4.2","","","","","","","","","2.4",
"Malta","MLT","Diabetes prevalence (% of population ages 20 to 79)","SH.STA.DIAB.ZS","","","","","","","","","","","","","","","","","","","","","","","","","","","","","","","","","","","","","","","","","","","","","","","","","","","6.8","","","","","","","","","8.3",
"Myanmar","MMR","Diabetes prevalence (% of population ages 20 to 79)","SH.STA.DIAB.ZS","","","","","","","","","","","","","","","","","","","","","","","","","","","","","","","","","","","","","","","","","","","","","","","","","","","3.2","","","","","","","","","3.9",
"Middle East & North Africa (excluding high income)","MNA","Diabetes prevalence (% of population ages 20 to 79)","SH.STA.DIAB.ZS","","","","","","","","","","","","","","","","","","","","","","","","","","","","","","","","","","","","","","","","","","","","","","","","","","","9.06093337899003","","","","","","","","","10.7906436195894",
"Montenegro","MNE","Diabetes prevalence (% of population ages 20 to 79)","SH.STA.DIAB.ZS","","","","","","","","","","","","","","","","","","","","","","","","","","","","","","","","","","","","","","","","","","","","","","","","","","","6.9","","","","","","","","","9",
"Mongolia","MNG","Diabetes prevalence (% of population ages 20 to 79)","SH.STA.DIAB.ZS","","","","","","","","","","","","","","","","","","","","","","","","","","","","","","","","","","","","","","","","","","","","","","","","","","","1.6","","","","","","","","","4.7",
"Northern Mariana Islands","MNP","Diabetes prevalence (% of population ages 20 to 79)","SH.STA.DIAB.ZS","","","","","","","","","","","","","","","","","","","","","","","","","","","","","","","","","","","","","","","","","","","","","","","","","","","","","","","","","","","","",
"Mozambique","MOZ","Diabetes prevalence (% of population ages 20 to 79)","SH.STA.DIAB.ZS","","","","","","","","","","","","","","","","","","","","","","","","","","","","","","","","","","","","","","","","","","","","","","","","","","","4","","","","","","","","","3.3",
"Mauritania","MRT","Diabetes prevalence (% of population ages 20 to 79)","SH.STA.DIAB.ZS","","","","","","","","","","","","","","","","","","","","","","","","","","","","","","","","","","","","","","","","","","","","","","","","","","","4.8","","","","","","","","","7.1",
"Mauritius","MUS","Diabetes prevalence (% of population ages 20 to 79)","SH.STA.DIAB.ZS","","","","","","","","","","","","","","","","","","","","","","","","","","","","","","","","","","","","","","","","","","","","","","","","","","","16.2","","","","","","","","","22",
"Malawi","MWI","Diabetes prevalence (% of population ages 20 to 79)","SH.STA.DIAB.ZS","","","","","","","","","","","","","","","","","","","","","","","","","","","","","","","","","","","","","","","","","","","","","","","","","","","2.3","","","","","","","","","4.5",
"Malaysia","MYS","Diabetes prevalence (% of population ages 20 to 79)","SH.STA.DIAB.ZS","","","","","","","","","","","","","","","","","","","","","","","","","","","","","","","","","","","","","","","","","","","","","","","","","","","11.6","","","","","","","","","16.7",
"North America","NAC","Diabetes prevalence (% of population ages 20 to 79)","SH.STA.DIAB.ZS","","","","","","","","","","","","","","","","","","","","","","","","","","","","","","","","","","","","","","","","","","","","","","","","","","","10.1864996776455","","","","","","","","","10.461438276634",
"Namibia","NAM","Diabetes prevalence (% of population ages 20 to 79)","SH.STA.DIAB.ZS","","","","","","","","","","","","","","","","","","","","","","","","","","","","","","","","","","","","","","","","","","","","","","","","","","","4.4","","","","","","","","","4.5",
"New Caledonia","NCL","Diabetes prevalence (% of population ages 20 to 79)","SH.STA.DIAB.ZS","","","","","","","","","","","","","","","","","","","","","","","","","","","","","","","","","","","","","","","","","","","","","","","","","","","7.2","","","","","","","","","21.8",
"Niger","NER","Diabetes prevalence (% of population ages 20 to 79)","SH.STA.DIAB.ZS","","","","","","","","","","","","","","","","","","","","","","","","","","","","","","","","","","","","","","","","","","","","","","","","","","","3.9","","","","","","","","","2.4",
"Nigeria","NGA","Diabetes prevalence (% of population ages 20 to 79)","SH.STA.DIAB.ZS","","","","","","","","","","","","","","","","","","","","","","","","","","","","","","","","","","","","","","","","","","","","","","","","","","","4.7","","","","","","","","","3.1",
"Nicaragua","NIC","Diabetes prevalence (% of population ages 20 to 79)","SH.STA.DIAB.ZS","","","","","","","","","","","","","","","","","","","","","","","","","","","","","","","","","","","","","","","","","","","","","","","","","","","10","","","","","","","","","11.4",
"Netherlands","NLD","Diabetes prevalence (% of population ages 20 to 79)","SH.STA.DIAB.ZS","","","","","","","","","","","","","","","","","","","","","","","","","","","","","","","","","","","","","","","","","","","","","","","","","","","5.3","","","","","","","","","5.4",
"Norway","NOR","Diabetes prevalence (% of population ages 20 to 79)","SH.STA.DIAB.ZS","","","","","","","","","","","","","","","","","","","","","","","","","","","","","","","","","","","","","","","","","","","","","","","","","","","3.6","","","","","","","","","5.3",
"Nepal","NPL","Diabetes prevalence (% of population ages 20 to 79)","SH.STA.DIAB.ZS","","","","","","","","","","","","","","","","","","","","","","","","","","","","","","","","","","","","","","","","","","","","","","","","","","","3.9","","","","","","","","","7.2",
"Nauru","NRU","Diabetes prevalence (% of population ages 20 to 79)","SH.STA.DIAB.ZS","","","","","","","","","","","","","","","","","","","","","","","","","","","","","","","","","","","","","","","","","","","","","","","","","","","30.9","","","","","","","","","12",
"New Zealand","NZL","Diabetes prevalence (% of population ages 20 to 79)","SH.STA.DIAB.ZS","","","","","","","","","","","","","","","","","","","","","","","","","","","","","","","","","","","","","","","","","","","","","","","","","","","5.2","","","","","","","","","6.2",
"OECD members","OED","Diabetes prevalence (% of population ages 20 to 79)","SH.STA.DIAB.ZS","","","","","","","","","","","","","","","","","","","","","","","","","","","","","","","","","","","","","","","","","","","","","","","","","","","7.74609098310261","","","","","","","","","8.31684813219102",
"Oman","OMN","Diabetes prevalence (% of population ages 20 to 79)","SH.STA.DIAB.ZS","","","","","","","","","","","","","","","","","","","","","","","","","","","","","","","","","","","","","","","","","","","","","","","","","","","13.4","","","","","","","","","10.1",
"Other small states","OSS","Diabetes prevalence (% of population ages 20 to 79)","SH.STA.DIAB.ZS","","","","","","","","","","","","","","","","","","","","","","","","","","","","","","","","","","","","","","","","","","","","","","","","","","","7.40356750185056","","","","","","","","","8.2417729316188",
"Pakistan","PAK","Diabetes prevalence (% of population ages 20 to 79)","SH.STA.DIAB.ZS","","","","","","","","","","","","","","","","","","","","","","","","","","","","","","","","","","","","","","","","","","","","","","","","","","","9.1","","","","","","","","","19.9",
"Panama","PAN","Diabetes prevalence (% of population ages 20 to 79)","SH.STA.DIAB.ZS","","","","","","","","","","","","","","","","","","","","","","","","","","","","","","","","","","","","","","","","","","","","","","","","","","","9.6","","","","","","","","","7.7",
"Peru","PER","Diabetes prevalence (% of population ages 20 to 79)","SH.STA.DIAB.ZS","","","","","","","","","","","","","","","","","","","","","","","","","","","","","","","","","","","","","","","","","","","","","","","","","","","6.2","","","","","","","","","6.6",
"Philippines","PHL","Diabetes prevalence (% of population ages 20 to 79)","SH.STA.DIAB.ZS","","","","","","","","","","","","","","","","","","","","","","","","","","","","","","","","","","","","","","","","","","","","","","","","","","","7.7","","","","","","","","","7.1",
"Palau","PLW","Diabetes prevalence (% of population ages 20 to 79)","SH.STA.DIAB.ZS","","","","","","","","","","","","","","","","","","","","","","","","","","","","","","","","","","","","","","","","","","","","","","","","","","","9.1","","","","","","","","","17.9",
"Papua New Guinea","PNG","Diabetes prevalence (% of population ages 20 to 79)","SH.STA.DIAB.ZS","","","","","","","","","","","","","","","","","","","","","","","","","","","","","","","","","","","","","","","","","","","","","","","","","","","3","","","","","","","","","17.9",
"Poland","POL","Diabetes prevalence (% of population ages 20 to 79)","SH.STA.DIAB.ZS","","","","","","","","","","","","","","","","","","","","","","","","","","","","","","","","","","","","","","","","","","","","","","","","","","","7.6","","","","","","","","","6.1",
"Pre-demographic dividend","PRE","Diabetes prevalence (% of population ages 20 to 79)","SH.STA.DIAB.ZS","","","","","","","","","","","","","","","","","","","","","","","","","","","","","","","","","","","","","","","","","","","","","","","","","","","4.32546883625797","","","","","","","","","5.37127963964259",
"Puerto Rico","PRI","Diabetes prevalence (% of population ages 20 to 79)","SH.STA.DIAB.ZS","","","","","","","","","","","","","","","","","","","","","","","","","","","","","","","","","","","","","","","","","","","","","","","","","","","10.6","","","","","","","","","13.7",
"Korea, Dem. People’s Rep.","PRK","Diabetes prevalence (% of population ages 20 to 79)","SH.STA.DIAB.ZS","","","","","","","","","","","","","","","","","","","","","","","","","","","","","","","","","","","","","","","","","","","","","","","","","","","5.3","","","","","","","","","6.4",
"Portugal","PRT","Diabetes prevalence (% of population ages 20 to 79)","SH.STA.DIAB.ZS","","","","","","","","","","","","","","","","","","","","","","","","","","","","","","","","","","","","","","","","","","","","","","","","","","","9.7","","","","","","","","","9.8",
"Paraguay","PRY","Diabetes prevalence (% of population ages 20 to 79)","SH.STA.DIAB.ZS","","","","","","","","","","","","","","","","","","","","","","","","","","","","","","","","","","","","","","","","","","","","","","","","","","","4.9","","","","","","","","","9.6",
"West Bank and Gaza","PSE","Diabetes prevalence (% of population ages 20 to 79)","SH.STA.DIAB.ZS","","","","","","","","","","","","","","","","","","","","","","","","","","","","","","","","","","","","","","","","","","","","","","","","","","","8.6","","","","","","","","","9.5",
"Pacific island small states","PSS","Diabetes prevalence (% of population ages 20 to 79)","SH.STA.DIAB.ZS","","","","","","","","","","","","","","","","","","","","","","","","","","","","","","","","","","","","","","","","","","","","","","","","","","","7.12380937552954","","","","","","","","","15.3253108613222",
"Post-demographic dividend","PST","Diabetes prevalence (% of population ages 20 to 79)","SH.STA.DIAB.ZS","","","","","","","","","","","","","","","","","","","","","","","","","","","","","","","","","","","","","","","","","","","","","","","","","","","7.62590526265746","","","","","","","","","7.57897792815511",
"French Polynesia","PYF","Diabetes prevalence (% of population ages 20 to 79)","SH.STA.DIAB.ZS","","","","","","","","","","","","","","","","","","","","","","","","","","","","","","","","","","","","","","","","","","","","","","","","","","","13.8","","","","","","","","","19.5",
"Qatar","QAT","Diabetes prevalence (% of population ages 20 to 79)","SH.STA.DIAB.ZS","","","","","","","","","","","","","","","","","","","","","","","","","","","","","","","","","","","","","","","","","","","","","","","","","","","15.4","","","","","","","","","15.6",
"Romania","ROU","Diabetes prevalence (% of population ages 20 to 79)","SH.STA.DIAB.ZS","","","","","","","","","","","","","","","","","","","","","","","","","","","","","","","","","","","","","","","","","","","","","","","","","","","6.9","","","","","","","","","6.9",
"Russian Federation","RUS","Diabetes prevalence (% of population ages 20 to 79)","SH.STA.DIAB.ZS","","","","","","","","","","","","","","","","","","","","","","","","","","","","","","","","","","","","","","","","","","","","","","","","","","","7.6","","","","","","","","","6.1",
"Rwanda","RWA","Diabetes prevalence (% of population ages 20 to 79)","SH.STA.DIAB.ZS","","","","","","","","","","","","","","","","","","","","","","","","","","","","","","","","","","","","","","","","","","","","","","","","","","","1.6","","","","","","","","","5.1",
"South Asia","SAS","Diabetes prevalence (% of population ages 20 to 79)","SH.STA.DIAB.ZS","","","","","","","","","","","","","","","","","","","","","","","","","","","","","","","","","","","","","","","","","","","","","","","","","","","7.813139538374","","","","","","","","","11.2379264462022",
"Saudi Arabia","SAU","Diabetes prevalence (% of population ages 20 to 79)","SH.STA.DIAB.ZS","","","","","","","","","","","","","","","","","","","","","","","","","","","","","","","","","","","","","","","","","","","","","","","","","","","16.8","","","","","","","","","15.8",
"Sudan","SDN","Diabetes prevalence (% of population ages 20 to 79)","SH.STA.DIAB.ZS","","","","","","","","","","","","","","","","","","","","","","","","","","","","","","","","","","","","","","","","","","","","","","","","","","","4.2","","","","","","","","","22.1",
"Senegal","SEN","Diabetes prevalence (% of population ages 20 to 79)","SH.STA.DIAB.ZS","","","","","","","","","","","","","","","","","","","","","","","","","","","","","","","","","","","","","","","","","","","","","","","","","","","4.7","","","","","","","","","2.4",
"Singapore","SGP","Diabetes prevalence (% of population ages 20 to 79)","SH.STA.DIAB.ZS","","","","","","","","","","","","","","","","","","","","","","","","","","","","","","","","","","","","","","","","","","","","","","","","","","","10.2","","","","","","","","","5.5",
"Solomon Islands","SLB","Diabetes prevalence (% of population ages 20 to 79)","SH.STA.DIAB.ZS","","","","","","","","","","","","","","","","","","","","","","","","","","","","","","","","","","","","","","","","","","","","","","","","","","","3.3","","","","","","","","","19",
"Sierra Leone","SLE","Diabetes prevalence (% of population ages 20 to 79)","SH.STA.DIAB.ZS","","","","","","","","","","","","","","","","","","","","","","","","","","","","","","","","","","","","","","","","","","","","","","","","","","","4.4","","","","","","","","","2.4",
"El Salvador","SLV","Diabetes prevalence (% of population ages 20 to 79)","SH.STA.DIAB.ZS","","","","","","","","","","","","","","","","","","","","","","","","","","","","","","","","","","","","","","","","","","","","","","","","","","","9","","","","","","","","","8.8",
"San Marino","SMR","Diabetes prevalence (% of population ages 20 to 79)","SH.STA.DIAB.ZS","","","","","","","","","","","","","","","","","","","","","","","","","","","","","","","","","","","","","","","","","","","","","","","","","","","5.9","","","","","","","","","5.9",
"Somalia","SOM","Diabetes prevalence (% of population ages 20 to 79)","SH.STA.DIAB.ZS","","","","","","","","","","","","","","","","","","","","","","","","","","","","","","","","","","","","","","","","","","","","","","","","","","","3","","","","","","","","","5.1",
"Serbia","SRB","Diabetes prevalence (% of population ages 20 to 79)","SH.STA.DIAB.ZS","","","","","","","","","","","","","","","","","","","","","","","","","","","","","","","","","","","","","","","","","","","","","","","","","","","6.9","","","","","","","","","9",
"Sub-Saharan Africa (excluding high income)","SSA","Diabetes prevalence (% of population ages 20 to 79)","SH.STA.DIAB.ZS","","","","","","","","","","","","","","","","","","","","","","","","","","","","","","","","","","","","","","","","","","","","","","","","","","","3.7786427109464","","","","","","","","","5.33130555930865",
"South Sudan","SSD","Diabetes prevalence (% of population ages 20 to 79)","SH.STA.DIAB.ZS","","","","","","","","","","","","","","","","","","","","","","","","","","","","","","","","","","","","","","","","","","","","","","","","","","","","","","","","","","","","10.2",
"Sub-Saharan Africa","SSF","Diabetes prevalence (% of population ages 20 to 79)","SH.STA.DIAB.ZS","","","","","","","","","","","","","","","","","","","","","","","","","","","","","","","","","","","","","","","","","","","","","","","","","","","3.80524391127694","","","","","","","","","5.35943978236203",
"Small states","SST","Diabetes prevalence (% of population ages 20 to 79)","SH.STA.DIAB.ZS","","","","","","","","","","","","","","","","","","","","","","","","","","","","","","","","","","","","","","","","","","","","","","","","","","","8.01318375426605","","","","","","","","","9.26845223914535",
"Sao Tome and Principe","STP","Diabetes prevalence (% of population ages 20 to 79)","SH.STA.DIAB.ZS","","","","","","","","","","","","","","","","","","","","","","","","","","","","","","","","","","","","","","","","","","","","","","","","","","","4.7","","","","","","","","","2.4",
"Suriname","SUR","Diabetes prevalence (% of population ages 20 to 79)","SH.STA.DIAB.ZS","","","","","","","","","","","","","","","","","","","","","","","","","","","","","","","","","","","","","","","","","","","","","","","","","","","10.5","","","","","","","","","12.5",
"Slovak Republic","SVK","Diabetes prevalence (% of population ages 20 to 79)","SH.STA.DIAB.ZS","","","","","","","","","","","","","","","","","","","","","","","","","","","","","","","","","","","","","","","","","","","","","","","","","","","6.4","","","","","","","","","6.5",
"Slovenia","SVN","Diabetes prevalence (% of population ages 20 to 79)","SH.STA.DIAB.ZS","","","","","","","","","","","","","","","","","","","","","","","","","","","","","","","","","","","","","","","","","","","","","","","","","","","7.7","","","","","","","","","5.9",
"Sweden","SWE","Diabetes prevalence (% of population ages 20 to 79)","SH.STA.DIAB.ZS","","","","","","","","","","","","","","","","","","","","","","","","","","","","","","","","","","","","","","","","","","","","","","","","","","","5.2","","","","","","","","","4.8",
"Eswatini","SWZ","Diabetes prevalence (% of population ages 20 to 79)","SH.STA.DIAB.ZS","","","","","","","","","","","","","","","","","","","","","","","","","","","","","","","","","","","","","","","","","","","","","","","","","","","4.2","","","","","","","","","4.5",
"Sint Maarten (Dutch part)","SXM","Diabetes prevalence (% of population ages 20 to 79)","SH.STA.DIAB.ZS","","","","","","","","","","","","","","","","","","","","","","","","","","","","","","","","","","","","","","","","","","","","","","","","","","","","","","","","","","","","6.8",
"Seychelles","SYC","Diabetes prevalence (% of population ages 20 to 79)","SH.STA.DIAB.ZS","","","","","","","","","","","","","","","","","","","","","","","","","","","","","","","","","","","","","","","","","","","","","","","","","","","14.4","","","","","","","","","12.3",
"Syrian Arab Republic","SYR","Diabetes prevalence (% of population ages 20 to 79)","SH.STA.DIAB.ZS","","","","","","","","","","","","","","","","","","","","","","","","","","","","","","","","","","","","","","","","","","","","","","","","","","","10.8","","","","","","","","","13.5",
"Turks and Caicos Islands","TCA","Diabetes prevalence (% of population ages 20 to 79)","SH.STA.DIAB.ZS","","","","","","","","","","","","","","","","","","","","","","","","","","","","","","","","","","","","","","","","","","","","","","","","","","","","","","","","","","","","",
"Chad","TCD","Diabetes prevalence (% of population ages 20 to 79)","SH.STA.DIAB.ZS","","","","","","","","","","","","","","","","","","","","","","","","","","","","","","","","","","","","","","","","","","","","","","","","","","","3.7","","","","","","","","","6",
"East Asia & Pacific (IDA & IBRD countries)","TEA","Diabetes prevalence (% of population ages 20 to 79)","SH.STA.DIAB.ZS","","","","","","","","","","","","","","","","","","","","","","","","","","","","","","","","","","","","","","","","","","","","","","","","","","","4.56407257141233","","","","","","","","","8.51410214432952",
"Europe & Central Asia (IDA & IBRD countries)","TEC","Diabetes prevalence (% of population ages 20 to 79)","SH.STA.DIAB.ZS","","","","","","","","","","","","","","","","","","","","","","","","","","","","","","","","","","","","","","","","","","","","","","","","","","","7.27240626100574","","","","","","","","","7.09909460416144",
"Togo","TGO","Diabetes prevalence (% of population ages 20 to 79)","SH.STA.DIAB.ZS","","","","","","","","","","","","","","","","","","","","","","","","","","","","","","","","","","","","","","","","","","","","","","","","","","","4.3","","","","","","","","","2.4",
"Thailand","THA","Diabetes prevalence (% of population ages 20 to 79)","SH.STA.DIAB.ZS","","","","","","","","","","","","","","","","","","","","","","","","","","","","","","","","","","","","","","","","","","","","","","","","","","","7.1","","","","","","","","","7",
"Tajikistan","TJK","Diabetes prevalence (% of population ages 20 to 79)","SH.STA.DIAB.ZS","","","","","","","","","","","","","","","","","","","","","","","","","","","","","","","","","","","","","","","","","","","","","","","","","","","5","","","","","","","","","6.1",
"Turkmenistan","TKM","Diabetes prevalence (% of population ages 20 to 79)","SH.STA.DIAB.ZS","","","","","","","","","","","","","","","","","","","","","","","","","","","","","","","","","","","","","","","","","","","","","","","","","","","5.3","","","","","","","","","6.1",
"Latin America & the Caribbean (IDA & IBRD countries)","TLA","Diabetes prevalence (% of population ages 20 to 79)","SH.STA.DIAB.ZS","","","","","","","","","","","","","","","","","","","","","","","","","","","","","","","","","","","","","","","","","","","","","","","","","","","7.36381353125477","","","","","","","","","9.6710667716553",
"Timor-Leste","TLS","Diabetes prevalence (% of population ages 20 to 79)","SH.STA.DIAB.ZS","","","","","","","","","","","","","","","","","","","","","","","","","","","","","","","","","","","","","","","","","","","","","","","","","","","3.5","","","","","","","","","6.7",
"Middle East & North Africa (IDA & IBRD countries)","TMN","Diabetes prevalence (% of population ages 20 to 79)","SH.STA.DIAB.ZS","","","","","","","","","","","","","","","","","","","","","","","","","","","","","","","","","","","","","","","","","","","","","","","","","","","9.06538089982373","","","","","","","","","10.8046155226177",
"Tonga","TON","Diabetes prevalence (% of population ages 20 to 79)","SH.STA.DIAB.ZS","","","","","","","","","","","","","","","","","","","","","","","","","","","","","","","","","","","","","","","","","","","","","","","","","","","13.4","","","","","","","","","15.7",
"South Asia (IDA & IBRD)","TSA","Diabetes prevalence (% of population ages 20 to 79)","SH.STA.DIAB.ZS","","","","","","","","","","","","","","","","","","","","","","","","","","","","","","","","","","","","","","","","","","","","","","","","","","","7.813139538374","","","","","","","","","11.2379264462022",
"Sub-Saharan Africa (IDA & IBRD countries)","TSS","Diabetes prevalence (% of population ages 20 to 79)","SH.STA.DIAB.ZS","","","","","","","","","","","","","","","","","","","","","","","","","","","","","","","","","","","","","","","","","","","","","","","","","","","3.80524391127694","","","","","","","","","5.35943978236203",
"Trinidad and Tobago","TTO","Diabetes prevalence (% of population ages 20 to 79)","SH.STA.DIAB.ZS","","","","","","","","","","","","","","","","","","","","","","","","","","","","","","","","","","","","","","","","","","","","","","","","","","","11.7","","","","","","","","","11",
"Tunisia","TUN","Diabetes prevalence (% of population ages 20 to 79)","SH.STA.DIAB.ZS","","","","","","","","","","","","","","","","","","","","","","","","","","","","","","","","","","","","","","","","","","","","","","","","","","","9.3","","","","","","","","","8.5",
"Turkey","TUR","Diabetes prevalence (% of population ages 20 to 79)","SH.STA.DIAB.ZS","","","","","","","","","","","","","","","","","","","","","","","","","","","","","","","","","","","","","","","","","","","","","","","","","","","8","","","","","","","","","11.1",
"Tuvalu","TUV","Diabetes prevalence (% of population ages 20 to 79)","SH.STA.DIAB.ZS","","","","","","","","","","","","","","","","","","","","","","","","","","","","","","","","","","","","","","","","","","","","","","","","","","","13.9","","","","","","","","","22.1",
"Tanzania","TZA","Diabetes prevalence (% of population ages 20 to 79)","SH.STA.DIAB.ZS","","","","","","","","","","","","","","","","","","","","","","","","","","","","","","","","","","","","","","","","","","","","","","","","","","","3.2","","","","","","","","","5.7",
"Uganda","UGA","Diabetes prevalence (% of population ages 20 to 79)","SH.STA.DIAB.ZS","","","","","","","","","","","","","","","","","","","","","","","","","","","","","","","","","","","","","","","","","","","","","","","","","","","2.2","","","","","","","","","2.5",
"Ukraine","UKR","Diabetes prevalence (% of population ages 20 to 79)","SH.STA.DIAB.ZS","","","","","","","","","","","","","","","","","","","","","","","","","","","","","","","","","","","","","","","","","","","","","","","","","","","7.6","","","","","","","","","6.1",
"Upper middle income","UMC","Diabetes prevalence (% of population ages 20 to 79)","SH.STA.DIAB.ZS","","","","","","","","","","","","","","","","","","","","","","","","","","","","","","","","","","","","","","","","","","","","","","","","","","","5.54004449814739","","","","","","","","","9.00142755293856",
"Uruguay","URY","Diabetes prevalence (% of population ages 20 to 79)","SH.STA.DIAB.ZS","","","","","","","","","","","","","","","","","","","","","","","","","","","","","","","","","","","","","","","","","","","","","","","","","","","5.7","","","","","","","","","7.3",
"United States","USA","Diabetes prevalence (% of population ages 20 to 79)","SH.STA.DIAB.ZS","","","","","","","","","","","","","","","","","","","","","","","","","","","","","","","","","","","","","","","","","","","","","","","","","","","10.3","","","","","","","","","10.8",
"Uzbekistan","UZB","Diabetes prevalence (% of population ages 20 to 79)","SH.STA.DIAB.ZS","","","","","","","","","","","","","","","","","","","","","","","","","","","","","","","","","","","","","","","","","","","","","","","","","","","5.2","","","","","","","","","6.5",
"St. Vincent and the Grenadines","VCT","Diabetes prevalence (% of population ages 20 to 79)","SH.STA.DIAB.ZS","","","","","","","","","","","","","","","","","","","","","","","","","","","","","","","","","","","","","","","","","","","","","","","","","","","8.4","","","","","","","","","11.6",
"Venezuela, RB","VEN","Diabetes prevalence (% of population ages 20 to 79)","SH.STA.DIAB.ZS","","","","","","","","","","","","","","","","","","","","","","","","","","","","","","","","","","","","","","","","","","","","","","","","","","","6.5","","","","","","","","","7",
"British Virgin Islands","VGB","Diabetes prevalence (% of population ages 20 to 79)","SH.STA.DIAB.ZS","","","","","","","","","","","","","","","","","","","","","","","","","","","","","","","","","","","","","","","","","","","","","","","","","","","10.2","","","","","","","","","14.2",
"Virgin Islands (U.S.)","VIR","Diabetes prevalence (% of population ages 20 to 79)","SH.STA.DIAB.ZS","","","","","","","","","","","","","","","","","","","","","","","","","","","","","","","","","","","","","","","","","","","","","","","","","","","9.9","","","","","","","","","12.3",
"Vietnam","VNM","Diabetes prevalence (% of population ages 20 to 79)","SH.STA.DIAB.ZS","","","","","","","","","","","","","","","","","","","","","","","","","","","","","","","","","","","","","","","","","","","","","","","","","","","3.5","","","","","","","","","6",
"Vanuatu","VUT","Diabetes prevalence (% of population ages 20 to 79)","SH.STA.DIAB.ZS","","","","","","","","","","","","","","","","","","","","","","","","","","","","","","","","","","","","","","","","","","","","","","","","","","","3.2","","","","","","","","","11.9",
"World","WLD","Diabetes prevalence (% of population ages 20 to 79)","SH.STA.DIAB.ZS","","","","","","","","","","","","","","","","","","","","","","","","","","","","","","","","","","","","","","","","","","","","","","","","","","","6.44896862035226","","","","","","","","","8.8120444185641",
"Samoa","WSM","Diabetes prevalence (% of population ages 20 to 79)","SH.STA.DIAB.ZS","","","","","","","","","","","","","","","","","","","","","","","","","","","","","","","","","","","","","","","","","","","","","","","","","","","7.7","","","","","","","","","9.2",
"Kosovo","XKX","Diabetes prevalence (% of population ages 20 to 79)","SH.STA.DIAB.ZS","","","","","","","","","","","","","","","","","","","","","","","","","","","","","","","","","","","","","","","","","","","","","","","","","","","","","","","","","","","","",
"Yemen, Rep.","YEM","Diabetes prevalence (% of population ages 20 to 79)","SH.STA.DIAB.ZS","","","","","","","","","","","","","","","","","","","","","","","","","","","","","","","","","","","","","","","","","","","","","","","","","","","3","","","","","","","","","5.4",
"South Africa","ZAF","Diabetes prevalence (% of population ages 20 to 79)","SH.STA.DIAB.ZS","","","","","","","","","","","","","","","","","","","","","","","","","","","","","","","","","","","","","","","","","","","","","","","","","","","4.5","","","","","","","","","12.7",
"Zambia","ZMB","Diabetes prevalence (% of population ages 20 to 79)","SH.STA.DIAB.ZS","","","","","","","","","","","","","","","","","","","","","","","","","","","","","","","","","","","","","","","","","","","","","","","","","","","4","","","","","","","","","4.5",
"Zimbabwe","ZWE","Diabetes prevalence (% of population ages 20 to 79)","SH.STA.DIAB.ZS","","","","","","","","","","","","","","","","","","","","","","","","","","","","","","","","","","","","","","","","","","","","","","","","","","","4.1","","","","","","","","","1.8",
